<scene version="3.0.0">
    <default name="spp" value="128"/>
    <default name="res" value="256"/>
    <default name="max_depth" value="6"/>
    <default name="integrator" value="path"/>

    <integrator type='$integrator'>
        <integer name="max_depth" value="$max_depth"/>
    </integrator>

    <sensor type="perspective" id="sensor">
        <string name="fov_axis" value="smaller"/>
        <float name="near_clip" value="0.001"/>
        <float name="far_clip" value="100.0"/>
        <float name="focus_distance" value="1000"/>
        <float name="fov" value="39.3077"/>
        <transform name="to_world">
            <lookat origin="0,  0,  4"
                    target="0,  0,  0"
                    up    ="0,  1,  0"/>
        </transform>
        <sampler type="independent">
            <integer name="sample_count" value="$spp"/>
        </sampler>
        <film type="hdrfilm">
            <integer name="width"  value="$res"/>
            <integer name="height" value="$res"/>
            <rfilter type="tent"/>
            <string name="pixel_format" value="rgb"/>
            <string name="component_format" value="float32"/>
        </film>
    </sensor>

    <!-- BSDFs -->

    <bsdf type="diffuse" id="gray">
        <rgb name="reflectance" value="0.85, 0.85, 0.85"/>
    </bsdf>

    <bsdf type="diffuse" id="white">
        <rgb name="reflectance" value="0.885809, 0.698859, 0.666422"/>
    </bsdf>

    <bsdf type="diffuse" id="green">
        <rgb name="reflectance" value="0.105421, 0.37798, 0.076425"/>
    </bsdf>

    <bsdf type="diffuse" id="red">
        <rgb name="reflectance" value="0.570068, 0.0430135, 0.0443706"/>
    </bsdf>


    <!-- Light -->

    <shape type="obj" id="light">
        <string name="filename" value="meshes/cbox_luminaire.obj"/>
        <transform name="to_world">
            <translate x="0" y="-0.01" z="0"/>
        </transform>
        <ref id="white"/>
        <emitter type="spot">
            <transform name="to_world">
                <lookat origin="0,  4,  0.1"
                    target="0,  0,  0"
                    up    ="0,  1,  0"/>
<!--                <lookat origin="0, 5, 0" target="0, 0, 0" up="0, 1, 0"/>-->
            </transform>
        <spectrum name="intensity" value="5.0"/>
        </emitter>
    </shape>

    <!-- Shapes -->

    <shape type="obj" id="floor">
        <string name="filename" value="meshes/cbox_floor.obj"/>
        <ref id="white"/>
    </shape>

    <shape type="obj" id="ceiling">
        <string name="filename" value="meshes/cbox_ceiling.obj"/>
        <ref id="white"/>
    </shape>

    <shape type="obj" id="back">
        <string name="filename" value="meshes/cbox_back.obj"/>
        <ref id="white"/>
    </shape>

    <shape type="obj" id="greenwall">
        <string name="filename" value="meshes/cbox_greenwall.obj"/>
        <ref id="green"/>
    </shape>

    <shape type="obj" id="redwall">
        <string name="filename" value="meshes/cbox_redwall.obj"/>
        <ref id="red"/>
    </shape>

    <shape type="cube" id="cube">
        <transform name="to_world">
            <scale value="0.25"/>
            <translate x="0" y="-0.75" z="-0.2"/>
        </transform>
        <ref id="green"/>
    </shape>

</scene>
